{
	"credit": "Made with Blockbench",
	"textures": {
		"2": "entity/conduit/wind_vertical",
		"particle": "entity/conduit/cage",
		"shell": "entity/conduit/cage"
	},
	"elements": [
		{
			"from": [4, 3, 4],
			"to": [12, 3, 12],
			"rotation": {"angle": 0, "axis": "y", "origin": [19, 11, 12]},
			"faces": {
				"north": {"uv": [0, 0, 4, 0], "texture": "#shell"},
				"east": {"uv": [0, 0, 4.5, 0], "texture": "#shell"},
				"south": {"uv": [0, 0, 4, 0], "texture": "#shell"},
				"west": {"uv": [0, 0, 4.5, 0], "texture": "#shell"},
				"up": {"uv": [4, 0, 8, 8], "rotation": 270, "texture": "#shell"},
				"down": {"uv": [4, 0, 8, 8], "rotation": 180, "texture": "#shell"}
			}
		},
		{
			"from": [4, 3, 4],
			"to": [4, 11, 12],
			"rotation": {"angle": 0, "axis": "y", "origin": [12, 11, 12]},
			"faces": {
				"north": {"uv": [0, 0, 0, 8], "texture": "#shell"},
				"east": {"uv": [12, 8, 16, 16], "rotation": 90, "texture": "#shell"},
				"south": {"uv": [0, 0, 0, 8], "texture": "#shell"},
				"west": {"uv": [12, 8, 16, 16], "rotation": 180, "texture": "#shell"},
				"up": {"uv": [0, 0, 0, 8], "texture": "#shell"},
				"down": {"uv": [0, 0, 0, 8], "texture": "#shell"}
			}
		},
		{
			"from": [4, 3, 12],
			"to": [12, 11, 12],
			"rotation": {"angle": 0, "axis": "y", "origin": [12, 11, 19]},
			"faces": {
				"north": {"uv": [8, 8, 12, 16], "rotation": 270, "texture": "#shell"},
				"east": {"uv": [0, 0, 0, 8], "texture": "#shell"},
				"south": {"uv": [8, 8, 12, 16], "rotation": 180, "texture": "#shell"},
				"west": {"uv": [0, 0, 0, 8], "texture": "#shell"},
				"up": {"uv": [0, 0, 4, 0], "texture": "#shell"},
				"down": {"uv": [0, 0, 4, 0], "texture": "#shell"}
			}
		},
		{
			"from": [4, 3, 4],
			"to": [12, 11, 4],
			"rotation": {"angle": 0, "axis": "y", "origin": [12, 11, 11]},
			"faces": {
				"north": {"uv": [0, 8, 4, 16], "rotation": 180, "texture": "#shell"},
				"east": {"uv": [0, 0, 0, 8], "texture": "#shell"},
				"south": {"uv": [0, 8, 4, 16], "rotation": 270, "texture": "#shell"},
				"west": {"uv": [0, 0, 0, 8], "texture": "#shell"},
				"up": {"uv": [0, 0, 4, 0], "texture": "#shell"},
				"down": {"uv": [0, 0, 4, 0], "texture": "#shell"}
			}
		},
		{
			"from": [12, 3, 4],
			"to": [12, 11, 12],
			"rotation": {"angle": 0, "axis": "y", "origin": [20, 11, 12]},
			"faces": {
				"north": {"uv": [0, 0, 0, 8], "texture": "#shell"},
				"east": {"uv": [4, 8, 8, 16], "rotation": 180, "texture": "#shell"},
				"south": {"uv": [0, 0, 0, 8], "texture": "#shell"},
				"west": {"uv": [4, 8, 8, 16], "rotation": 270, "texture": "#shell"},
				"up": {"uv": [0, 0, 0, 8], "texture": "#shell"},
				"down": {"uv": [0, 0, 0, 8], "texture": "#shell"}
			}
		},
		{
			"from": [4, 11, 4],
			"to": [12, 11, 12],
			"rotation": {"angle": 0, "axis": "y", "origin": [12, 19, 12]},
			"faces": {
				"north": {"uv": [0, 0, 4, 0], "texture": "#shell"},
				"east": {"uv": [0, 0, 4, 0], "texture": "#shell"},
				"south": {"uv": [0, 0, 4, 0], "texture": "#shell"},
				"west": {"uv": [0, 0, 4, 0], "texture": "#shell"},
				"up": {"uv": [8, 0, 12, 8], "rotation": 180, "texture": "#shell"},
				"down": {"uv": [8, 0, 12, 8], "rotation": 270, "texture": "#shell"}
			}
		},
		{
			"from": [1, 0, 1],
			"to": [15, 14, 15],
			"rotation": {"angle": 0, "axis": "y", "origin": [9, 8, 9]},
			"faces": {
				"north": {"uv": [0, 0, 16, 16], "texture": "#2"},
				"east": {"uv": [0, 0, 16, 16], "texture": "#2"},
				"south": {"uv": [0, 0, 16, 16], "texture": "#2"},
				"west": {"uv": [0, 0, 16, 16], "texture": "#2"},
				"up": {"uv": [0, 0, 16, 16], "texture": "#2"},
				"down": {"uv": [0, 0, 16, 16], "texture": "#2"}
			}
		}
	],
	"display": {
		"thirdperson_righthand": {
			"rotation": [75, 45, 0],
			"translation": [0, 2.5, 0],
			"scale": [0.375, 0.375, 0.375]
		},
		"thirdperson_lefthand": {
			"rotation": [75, 45, 0],
			"translation": [0, 2.5, 0],
			"scale": [0.375, 0.375, 0.375]
		},
		"firstperson_righthand": {
			"rotation": [0, 45, 0],
			"scale": [0.4, 0.4, 0.4]
		},
		"firstperson_lefthand": {
			"rotation": [0, 225, 0],
			"scale": [0.4, 0.4, 0.4]
		},
		"ground": {
			"translation": [0, 3, 0],
			"scale": [0.25, 0.25, 0.25]
		},
		"gui": {
			"rotation": [30, 225, 0],
			"scale": [0.625, 0.625, 0.625]
		},
		"head": {
			"translation": [0, 8, 0],
			"scale": [2, 2, 2]
		},
		"fixed": {
			"scale": [0.5, 0.5, 0.5]
		}
	},
	"groups": [
		{
			"name": "shell",
			"origin": [12, 8, 12],
			"children": [0, 1, 2, 3, 4, 5]
		}, 6]
}