{
	"credit": "Made with Blockbench",
	"texture_size": [64, 64],
	"textures": {
		"0": "entity/bed/red",
		"1": "entity/steve",
		"particle": "entity/bed/red"
	},
	"elements": [
		{
			"name": "leg",
			"from": [0, 0, 21],
			"to": [3, 3, 24],
			"rotation": {"angle": 0, "axis": "y", "origin": [8, 6.48, 7.09667]},
			"faces": {
				"north": {"uv": [14.75, 0.75, 15.5, 1.5], "texture": "#0"},
				"east": {"uv": [14, 0.75, 14.75, 1.5], "texture": "#0"},
				"south": {"uv": [13.25, 0.75, 14, 1.5], "texture": "#0"},
				"west": {"uv": [12.5, 0.75, 13.25, 1.5], "texture": "#0"},
				"up": {"uv": [13.25, 0, 14, 0.75], "rotation": 270, "texture": "#0"},
				"down": {"uv": [14, 0, 14.75, 0.75], "rotation": 90, "texture": "#0"}
			}
		},
		{
			"name": "leg",
			"from": [13, 0, 21],
			"to": [16, 3, 24],
			"rotation": {"angle": 0, "axis": "y", "origin": [8, 6.48, 7.09667]},
			"faces": {
				"north": {"uv": [14, 0.75, 14.75, 1.5], "texture": "#0"},
				"east": {"uv": [13.25, 0.75, 14, 1.5], "texture": "#0"},
				"south": {"uv": [12.5, 0.75, 13.25, 1.5], "texture": "#0"},
				"west": {"uv": [14.75, 0.75, 15.5, 1.5], "texture": "#0"},
				"up": {"uv": [13.25, 0, 14, 0.75], "rotation": 180, "texture": "#0"},
				"down": {"uv": [14, 0, 14.75, 0.75], "rotation": 180, "texture": "#0"}
			}
		},
		{
			"name": "leg",
			"from": [13, 0, -8],
			"to": [16, 3, -5],
			"rotation": {"angle": 0, "axis": "y", "origin": [8, 6.48, 7.09667]},
			"faces": {
				"north": {"uv": [13.25, 0.75, 14, 1.5], "texture": "#0"},
				"east": {"uv": [12.5, 0.75, 13.25, 1.5], "texture": "#0"},
				"south": {"uv": [14.75, 0.75, 15.5, 1.5], "texture": "#0"},
				"west": {"uv": [14, 0.75, 14.75, 1.5], "texture": "#0"},
				"up": {"uv": [13.25, 0, 14, 0.75], "rotation": 90, "texture": "#0"},
				"down": {"uv": [14, 0, 14.75, 0.75], "rotation": 270, "texture": "#0"}
			}
		},
		{
			"name": "leg",
			"from": [0, 0, -8],
			"to": [3, 3, -5],
			"rotation": {"angle": 0, "axis": "y", "origin": [8, 6.48, 7.09667]},
			"faces": {
				"north": {"uv": [12.5, 0.75, 13.25, 1.5], "texture": "#0"},
				"east": {"uv": [14.75, 0.75, 15.5, 1.5], "texture": "#0"},
				"south": {"uv": [14, 0.75, 14.75, 1.5], "texture": "#0"},
				"west": {"uv": [13.25, 0.75, 14, 1.5], "texture": "#0"},
				"up": {"uv": [13.25, 0, 14, 0.75], "texture": "#0"},
				"down": {"uv": [14, 0, 14.75, 0.75], "texture": "#0"}
			}
		},
		{
			"name": "foot",
			"from": [0, 3, -8],
			"to": [16, 9, 8],
			"rotation": {"angle": 0, "axis": "y", "origin": [8, 6.48, 7.09667]},
			"faces": {
				"north": {"uv": [5.5, 5.5, 9.5, 7], "rotation": 180, "texture": "#0"},
				"east": {"uv": [0, 7, 1.5, 11], "rotation": 270, "texture": "#0"},
				"south": {"uv": [0, 0, 4, 1.5], "texture": "#0"},
				"west": {"uv": [5.5, 7, 7, 11], "rotation": 90, "texture": "#0"},
				"up": {"uv": [1.5, 7, 5.5, 11], "rotation": 180, "texture": "#0"},
				"down": {"uv": [7, 7, 11, 11], "texture": "#0"}
			}
		},
		{
			"name": "head",
			"from": [0, 3, 8],
			"to": [16, 9, 24],
			"rotation": {"angle": 0, "axis": "y", "origin": [8, 6.48, 7.09667]},
			"faces": {
				"north": {"uv": [0, 0, 4, 1.5], "texture": "#0"},
				"east": {"uv": [0, 1.5, 1.5, 5.5], "rotation": 270, "texture": "#0"},
				"south": {"uv": [1.5, 0, 5.5, 1.5], "rotation": 180, "texture": "#0"},
				"west": {"uv": [5.5, 1.5, 7, 5.5], "rotation": 90, "texture": "#0"},
				"up": {"uv": [1.5, 1.5, 5.5, 5.5], "rotation": 180, "texture": "#0"},
				"down": {"uv": [7, 1.5, 11, 5.5], "texture": "#0"}
			}
		},
		{
			"from": [4.32, 8.12, 2.82],
			"to": [11.68, 11.8, 13.86],
			"rotation": {"angle": 0, "axis": "y", "origin": [8, 6.48, 7.09667]},
			"faces": {
				"north": {"uv": [7, 4, 9, 5], "texture": "#1"},
				"east": {"uv": [4, 5, 5, 8], "rotation": 270, "texture": "#1"},
				"south": {"uv": [5, 4, 7, 5], "rotation": 180, "texture": "#1"},
				"west": {"uv": [7, 5, 8, 8], "rotation": 90, "texture": "#1"},
				"up": {"uv": [5, 5, 7, 8], "rotation": 180, "texture": "#1"},
				"down": {"uv": [8, 5, 10, 8], "texture": "#1"}
			}
		},
		{
			"from": [4.32, 6.28, 13.86],
			"to": [11.68, 13.64, 21.22],
			"rotation": {"angle": 0, "axis": "y", "origin": [8, 6.48, 7.09667]},
			"faces": {
				"north": {"uv": [4, 0, 6, 2], "rotation": 180, "texture": "#1"},
				"east": {"uv": [0, 2, 2, 4], "rotation": 270, "texture": "#1"},
				"south": {"uv": [2, 0, 4, 2], "rotation": 180, "texture": "#1"},
				"west": {"uv": [4, 2, 6, 4], "rotation": 90, "texture": "#1"},
				"up": {"uv": [2, 2, 4, 4], "rotation": 180, "texture": "#1"},
				"down": {"uv": [6, 2, 8, 4], "texture": "#1"}
			}
		},
		{
			"from": [0.64, 8.12, 2.82],
			"to": [4.32, 11.8, 13.86],
			"rotation": {"angle": 0, "axis": "y", "origin": [8, 6.48, 7.09667]},
			"faces": {
				"north": {"uv": [12, 4, 13, 5], "texture": "#1"},
				"east": {"uv": [8, 13, 9, 16], "rotation": 270, "texture": "#1"},
				"south": {"uv": [9, 12, 10, 13], "rotation": 180, "texture": "#1"},
				"west": {"uv": [10, 13, 11, 16], "rotation": 90, "texture": "#1"},
				"up": {"uv": [9, 13, 10, 16], "rotation": 180, "texture": "#1"},
				"down": {"uv": [11, 13, 12, 16], "texture": "#1"}
			}
		},
		{
			"from": [11.68, 8.12, 2.82],
			"to": [15.36, 11.8, 13.86],
			"rotation": {"angle": 0, "axis": "y", "origin": [8, 6.48, 7.09667]},
			"faces": {
				"north": {"uv": [10, 12, 11, 13], "texture": "#1"},
				"east": {"uv": [10, 5, 11, 8], "rotation": 270, "texture": "#1"},
				"south": {"uv": [11, 4, 12, 5], "rotation": 180, "texture": "#1"},
				"west": {"uv": [12, 5, 13, 8], "rotation": 90, "texture": "#1"},
				"up": {"uv": [11, 5, 12, 8], "rotation": 180, "texture": "#1"},
				"down": {"uv": [13, 5, 14, 8], "texture": "#1"}
			}
		},
		{
			"from": [8, 8.12, -8.22],
			"to": [11.68, 11.8, 2.82],
			"rotation": {"angle": 0, "axis": "y", "origin": [8, 6.48, 7.09667]},
			"faces": {
				"north": {"uv": [2, 4, 3, 5], "texture": "#1"},
				"east": {"uv": [0, 5, 1, 8], "rotation": 270, "texture": "#1"},
				"south": {"uv": [1, 4, 2, 5], "texture": "#1"},
				"west": {"uv": [0, 5, 1, 8], "rotation": 90, "texture": "#1"},
				"up": {"uv": [1, 5, 2, 8], "rotation": 180, "texture": "#1"},
				"down": {"uv": [3, 5, 4, 8], "texture": "#1"}
			}
		},
		{
			"from": [4.32, 8.12, -8.22],
			"to": [8, 11.8, 2.82],
			"rotation": {"angle": 0, "axis": "y", "origin": [8, 6.48, 7.09667]},
			"faces": {
				"north": {"uv": [6, 12, 7, 13], "texture": "#1"},
				"east": {"uv": [4, 13, 5, 16], "rotation": 270, "texture": "#1"},
				"south": {"uv": [5, 12, 6, 13], "texture": "#1"},
				"west": {"uv": [6, 13, 7, 16], "rotation": 90, "texture": "#1"},
				"up": {"uv": [5, 13, 6, 16], "rotation": 180, "texture": "#1"},
				"down": {"uv": [7, 13, 8, 16], "texture": "#1"}
			}
		}
	],
	"display": {
		"thirdperson_righthand": {
			"rotation": [30, 160, 0],
			"translation": [0, 3, -2],
			"scale": [0.23, 0.23, 0.23]
		},
		"thirdperson_lefthand": {
			"rotation": [75, 45, 0],
			"translation": [0, 2.5, 0],
			"scale": [0.375, 0.375, 0.375]
		},
		"firstperson_righthand": {
			"rotation": [30, 160, 0],
			"scale": [0.375, 0.375, 0.375]
		},
		"firstperson_lefthand": {
			"rotation": [0, 225, 0],
			"scale": [0.4, 0.4, 0.4]
		},
		"ground": {
			"translation": [0, 1, 0],
			"scale": [0.25, 0.25, 0.25]
		},
		"gui": {
			"rotation": [30, 160, 0],
			"translation": [0, 1, 0],
			"scale": [0.5325, 0.5325, 0.5325]
		},
		"head": {
			"rotation": [-90, 0, 0],
			"translation": [0, -22, -3.25]
		},
		"fixed": {
			"rotation": [-90, 0, 0],
			"translation": [0, 0, -2],
			"scale": [0.5, 0.5, 0.5]
		}
	},
	"groups": [
		{
			"name": "bed",
			"origin": [8, 8, 8],
			"children": [0, 1, 2, 3, 4, 5]
		},
		{
			"name": "player",
			"origin": [12, 22, 10],
			"children": [6, 7, 8, 9, 10, 11]
		}
	]
}