{"aglet":{"x":20,"y":0,"halign":"LEFT","valign":"TOP","enabled":false},"gloves":{"x":20,"y":100,"halign":"LEFT","valign":"TOP","enabled":false},"charm":{"x":20,"y":80,"halign":"LEFT","valign":"TOP","enabled":false},"belt":{"x":20,"y":40,"halign":"LEFT","valign":"TOP","enabled":false},"ring":{"x":20,"y":160,"halign":"LEFT","valign":"TOP","enabled":false},"backpack":{"x":20,"y":20,"halign":"LEFT","valign":"TOP","enabled":false},"necklace":{"x":20,"y":140,"halign":"LEFT","valign":"TOP","enabled":false},"hat":{"x":20,"y":180,"halign":"LEFT","valign":"TOP","enabled":false},"cape":{"x":20,"y":60,"halign":"LEFT","valign":"TOP","enabled":false},"shoes":{"x":20,"y":200,"halign":"LEFT","valign":"TOP","enabled":false},"mask":{"x":20,"y":120,"halign":"LEFT","valign":"TOP","enabled":false}}