{
	"credit": "Made with Blockbench",
	"parent": "block/block",
	"texture_size": [64, 32],
	"textures": {
		"0": "entity/enchanting_table_book",
		"particle": "block/enchanting_table_bottom",
		"bottom": "block/enchanting_table_bottom",
		"top": "block/enchanting_table_top",
		"side": "block/enchanting_table_side"
	},
	"elements": [
		{
			"name": "cover_right",
			"from": [9, 12, 3],
			"to": [15, 12, 13],
			"rotation": {"angle": 22.5, "axis": "z", "origin": [8, 12, 3]},
			"faces": {
				"north": {"uv": [3, 0, 1.5, 0], "rotation": 180, "texture": "#0"},
				"east": {"uv": [0, 0, 0, 5], "rotation": 270, "texture": "#0"},
				"south": {"uv": [1.5, 0, 0, 0], "texture": "#0"},
				"west": {"uv": [1.5, 0, 1.5, 5], "rotation": 90, "texture": "#0"},
				"up": {"uv": [0, 0, 1.5, 5], "rotation": 180, "texture": "#0"},
				"down": {"uv": [1.5, 0, 3, 5], "texture": "#0"}
			}
		},
		{
			"name": "cover_left",
			"from": [1, 12, 3],
			"to": [7, 12, 13],
			"rotation": {"angle": -22.5, "axis": "z", "origin": [8, 12, 3]},
			"faces": {
				"north": {"uv": [7, 0, 5.5, 0], "rotation": 180, "texture": "#0"},
				"east": {"uv": [4, 0, 4, 5], "rotation": 270, "texture": "#0"},
				"south": {"uv": [5.5, 0, 4, 0], "texture": "#0"},
				"west": {"uv": [5.5, 0, 5.5, 5], "rotation": 90, "texture": "#0"},
				"up": {"uv": [4, 0, 5.5, 5], "rotation": 180, "texture": "#0"},
				"down": {"uv": [5.5, 0, 7, 5], "texture": "#0"}
			}
		},
		{
			"name": "pages_right",
			"from": [8.5, 12.2, 4],
			"to": [13.5, 13.2, 12],
			"rotation": {"angle": 22.5, "axis": "z", "origin": [8, 12, 3]},
			"faces": {
				"north": {"uv": [2.75, 5, 1.5, 5.5], "rotation": 180, "texture": "#0"},
				"east": {"uv": [0, 5.5, 0.25, 9.5], "rotation": 270, "texture": "#0"},
				"south": {"uv": [1.5, 5.5, 0.25, 5], "texture": "#0"},
				"west": {"uv": [1.5, 5.5, 1.75, 9.5], "rotation": 90, "texture": "#0"},
				"up": {"uv": [0.25, 5.5, 1.5, 9.5], "rotation": 180, "texture": "#0"},
				"down": {"uv": [1.75, 5.5, 3, 9.5], "texture": "#0"}
			}
		},
		{
			"name": "pages_left",
			"from": [2.5, 12.2, 4],
			"to": [7.5, 13.2, 12],
			"rotation": {"angle": -22.5, "axis": "z", "origin": [8, 12, 3]},
			"faces": {
				"north": {"uv": [5.75, 5, 4.5, 5.5], "rotation": 180, "texture": "#0"},
				"east": {"uv": [3, 5.5, 3.25, 9.5], "rotation": 270, "texture": "#0"},
				"south": {"uv": [4.5, 5.5, 3.25, 5], "texture": "#0"},
				"west": {"uv": [4.5, 5.5, 4.75, 9.5], "rotation": 90, "texture": "#0"},
				"up": {"uv": [3.25, 5.5, 4.5, 9.5], "rotation": 180, "texture": "#0"},
				"down": {"uv": [4.75, 5.5, 6, 9.5], "texture": "#0"}
			}
		},
		{
			"name": "flipping_page_right",
			"from": [6.3, 15.7, 4],
			"to": [11.3, 15.7, 12],
			"rotation": {"angle": 45, "axis": "z", "origin": [9.86863, 16.55563, 8]},
			"faces": {
				"north": {"uv": [8.5, 5, 7.25, 5], "rotation": 180, "texture": "#0"},
				"east": {"uv": [6, 5, 6, 9], "rotation": 270, "texture": "#0"},
				"south": {"uv": [7.25, 5, 6, 5], "texture": "#0"},
				"west": {"uv": [7.25, 5, 7.25, 9], "rotation": 90, "texture": "#0"},
				"up": {"uv": [6, 5, 7.25, 9], "rotation": 180, "texture": "#0"},
				"down": {"uv": [7.25, 5, 8.5, 9], "texture": "#0"}
			}
		},
		{
			"name": "flipping_page_left",
			"from": [4, 15.2, 4],
			"to": [9, 15.2, 12],
			"rotation": {"angle": -45, "axis": "z", "origin": [6.28284, 15.54558, 8]},
			"faces": {
				"north": {"uv": [8.5, 5, 7.25, 5], "rotation": 180, "texture": "#0"},
				"east": {"uv": [6, 5, 6, 9], "rotation": 270, "texture": "#0"},
				"south": {"uv": [7.25, 5, 6, 5], "texture": "#0"},
				"west": {"uv": [7.25, 5, 7.25, 9], "rotation": 90, "texture": "#0"},
				"up": {"uv": [6, 5, 7.25, 9], "rotation": 180, "texture": "#0"},
				"down": {"uv": [7.25, 5, 8.5, 9], "texture": "#0"}
			}
		},
		{
			"name": "book_spine",
			"from": [7, 12.4, 3],
			"to": [9, 12.4, 13],
			"rotation": {"angle": 0, "axis": "y", "origin": [8, 12, 3]},
			"faces": {
				"north": {"uv": [4.5, 0, 4, 0], "rotation": 180, "texture": "#0"},
				"east": {"uv": [3.5, 0, 3.5, 5], "rotation": 270, "texture": "#0"},
				"south": {"uv": [4, 0, 3.5, 0], "texture": "#0"},
				"west": {"uv": [4, 0, 4, 5], "rotation": 90, "texture": "#0"},
				"up": {"uv": [3.5, 0, 4, 5], "rotation": 180, "texture": "#0"},
				"down": {"uv": [4, 0, 4.5, 5], "texture": "#0"}
			}
		},
		{
			"from": [0, 0, 0],
			"to": [16, 12, 16],
			"faces": {
				"north": {"uv": [0, 4, 16, 16], "texture": "#side", "cullface": "north"},
				"east": {"uv": [0, 4, 16, 16], "texture": "#side", "cullface": "east"},
				"south": {"uv": [0, 4, 16, 16], "texture": "#side", "cullface": "south"},
				"west": {"uv": [0, 4, 16, 16], "texture": "#side", "cullface": "west"},
				"up": {"uv": [0, 0, 16, 16], "texture": "#top"},
				"down": {"uv": [0, 0, 16, 16], "texture": "#bottom", "cullface": "down"}
			}
		}
	],
	"display": {
		"thirdperson_righthand": {
			"rotation": [75, 45, 0],
			"translation": [0, 2.5, 0],
			"scale": [0.375, 0.375, 0.375]
		},
		"thirdperson_lefthand": {
			"rotation": [75, 45, 0],
			"translation": [0, 2.5, 0],
			"scale": [0.375, 0.375, 0.375]
		},
		"firstperson_righthand": {
			"rotation": [0, 135, 0],
			"scale": [0.4, 0.4, 0.4]
		},
		"firstperson_lefthand": {
			"rotation": [0, 135, 0],
			"scale": [0.4, 0.4, 0.4]
		},
		"ground": {
			"translation": [0, 3, 0],
			"scale": [0.25, 0.25, 0.25]
		},
		"gui": {
			"rotation": [30, 225, 0],
			"scale": [0.625, 0.625, 0.625]
		},
		"fixed": {
			"scale": [0.5, 0.5, 0.5]
		}
	},
	"groups": [
		{
			"name": "cover_right",
			"origin": [-1, 5, 0],
			"children": [0]
		},
		{
			"name": "cover_left",
			"origin": [1, 5, 0],
			"children": [1]
		},
		{
			"name": "pages_right",
			"origin": [-5, 5, -0.2],
			"children": [2]
		},
		{
			"name": "pages_left",
			"origin": [0, 5, -1],
			"children": [3]
		},
		{
			"name": "flipping_page_right",
			"origin": [-5, 5, -2.2],
			"children": [4]
		},
		{
			"name": "flipping_page_left",
			"origin": [0, 5, -2],
			"children": [5]
		},
		{
			"name": "book_spine",
			"origin": [0, 5, 0],
			"children": [6]
		},
		{
			"name": "enchanting_table",
			"origin": [8, 8, 8],
			"children": [7]
		}
	]
}