{
    "parent": "block/block",
    "elements": [
        {   "from": [ 0, 0, 0 ],
            "to": [ 16, 16, 16 ],
            "faces": {
                "down":  { "texture": "#down", "cullface": "down" },
                "up":    { "texture": "#up", "rotation": 90, "cullface": "up" },
                "north": { "texture": "#north", "cullface": "north" },
                "south": { "texture": "#south", "cullface": "south" },
                "west":  { "texture": "#west", "cullface": "west" },
                "east":  { "texture": "#east", "cullface": "east" }
            }
        }
    ],
    "textures": {
        "particle": "block/jigsaw_top",
        "down": "block/jigsaw_bottom",
        "up": "block/jigsaw_top",
        "north": "block/jigsaw_side",
        "east": "block/jigsaw_lock",
        "south": "block/jigsaw_side",
        "west": "block/jigsaw_side"
    }
}
