{
	"credit": "Made with Blockbench",
	"parent": "block/block",
	"texture_size": [64, 32],
	"textures": {
		"0": "entity/enchanting_table_book",
		"bottom": "block/oak_planks",
		"base": "block/lectern_base",
		"front": "block/lectern_front",
		"top": "block/lectern_top",
		"particle": "block/lectern_sides",
		"sides": "block/lectern_sides"
	},
	"elements": [
		{
			"name": "cover_right",
			"from": [9, 14.5, 1],
			"to": [15, 14.5, 11],
			"rotation": {"angle": -22.5, "axis": "x", "origin": [8, 15, 1]},
			"faces": {
				"north": {"uv": [3, 0, 1.5, 0], "rotation": 180, "texture": "#0"},
				"east": {"uv": [0, 0, 0, 5], "rotation": 270, "texture": "#0"},
				"south": {"uv": [1.5, 0, 0, 0], "texture": "#0"},
				"west": {"uv": [1.5, 0, 1.5, 5], "rotation": 90, "texture": "#0"},
				"up": {"uv": [0, 0, 1.5, 5], "rotation": 180, "texture": "#0"},
				"down": {"uv": [1.5, 0, 3, 5], "texture": "#0"}
			}
		},
		{
			"name": "cover_left",
			"from": [1, 14.5, 1],
			"to": [7, 14.5, 11],
			"rotation": {"angle": -22.5, "axis": "x", "origin": [8, 15, 1]},
			"faces": {
				"north": {"uv": [7, 0, 5.5, 0], "rotation": 180, "texture": "#0"},
				"east": {"uv": [4, 0, 4, 5], "rotation": 270, "texture": "#0"},
				"south": {"uv": [5.5, 0, 4, 0], "texture": "#0"},
				"west": {"uv": [5.5, 0, 5.5, 5], "rotation": 90, "texture": "#0"},
				"up": {"uv": [4, 0, 5.5, 5], "rotation": 180, "texture": "#0"},
				"down": {"uv": [5.5, 0, 7, 5], "texture": "#0"}
			}
		},
		{
			"name": "pages_right",
			"from": [8, 14.6, 2],
			"to": [13, 15.6, 10],
			"rotation": {"angle": -22.5, "axis": "x", "origin": [8, 15, 1]},
			"faces": {
				"north": {"uv": [2.75, 5, 1.5, 5.5], "rotation": 180, "texture": "#0"},
				"east": {"uv": [0, 5.5, 0.25, 9.5], "rotation": 270, "texture": "#0"},
				"south": {"uv": [1.5, 5.5, 0.25, 5], "texture": "#0"},
				"west": {"uv": [1.5, 5.5, 1.75, 9.5], "rotation": 90, "texture": "#0"},
				"up": {"uv": [0.25, 5.5, 1.5, 9.5], "rotation": 180, "texture": "#0"},
				"down": {"uv": [1.75, 5.5, 3, 9.5], "texture": "#0"}
			}
		},
		{
			"name": "pages_left",
			"from": [3, 14.6, 2],
			"to": [8, 15.6, 10],
			"rotation": {"angle": -22.5, "axis": "x", "origin": [8, 15, 1]},
			"faces": {
				"north": {"uv": [5.75, 5, 4.5, 5.5], "rotation": 180, "texture": "#0"},
				"east": {"uv": [3, 5.5, 3.25, 9.5], "rotation": 270, "texture": "#0"},
				"south": {"uv": [4.5, 5.5, 3.25, 5], "texture": "#0"},
				"west": {"uv": [4.5, 5.5, 4.75, 9.5], "rotation": 90, "texture": "#0"},
				"up": {"uv": [3.25, 5.5, 4.5, 9.5], "rotation": 180, "texture": "#0"},
				"down": {"uv": [4.75, 5.5, 6, 9.5], "texture": "#0"}
			}
		},
		{
			"name": "flipping_page_right",
			"from": [8, 15.8, 2],
			"to": [13, 15.8, 10],
			"rotation": {"angle": -22.5, "axis": "x", "origin": [8, 15, 1]},
			"faces": {
				"north": {"uv": [8.5, 5, 7.25, 5], "rotation": 180, "texture": "#0"},
				"east": {"uv": [6, 5, 6, 9], "rotation": 270, "texture": "#0"},
				"south": {"uv": [7.25, 5, 6, 5], "texture": "#0"},
				"west": {"uv": [7.25, 5, 7.25, 9], "rotation": 90, "texture": "#0"},
				"up": {"uv": [6, 5, 7.25, 9], "rotation": 180, "texture": "#0"},
				"down": {"uv": [7.25, 5, 8.5, 9], "texture": "#0"}
			}
		},
		{
			"name": "flipping_page_left",
			"from": [3, 15.8, 2],
			"to": [8, 15.8, 10],
			"rotation": {"angle": -22.5, "axis": "x", "origin": [8, 15, 1]},
			"faces": {
				"north": {"uv": [8.5, 5, 7.25, 5], "rotation": 180, "texture": "#0"},
				"east": {"uv": [6, 5, 6, 9], "rotation": 270, "texture": "#0"},
				"south": {"uv": [7.25, 5, 6, 5], "texture": "#0"},
				"west": {"uv": [7.25, 5, 7.25, 9], "rotation": 90, "texture": "#0"},
				"up": {"uv": [6, 5, 7.25, 9], "rotation": 180, "texture": "#0"},
				"down": {"uv": [7.25, 5, 8.5, 9], "texture": "#0"}
			}
		},
		{
			"name": "book_spine",
			"from": [7, 14.5, 1],
			"to": [9, 14.5, 11],
			"rotation": {"angle": -22.5, "axis": "x", "origin": [8, 15, 1]},
			"faces": {
				"north": {"uv": [4.5, 0, 4, 0], "rotation": 180, "texture": "#0"},
				"east": {"uv": [3.5, 0, 3.5, 5], "rotation": 270, "texture": "#0"},
				"south": {"uv": [4, 0, 3.5, 0], "texture": "#0"},
				"west": {"uv": [4, 0, 4, 5], "rotation": 90, "texture": "#0"},
				"up": {"uv": [3.5, 0, 4, 5], "rotation": 180, "texture": "#0"},
				"down": {"uv": [4, 0, 4.5, 5], "texture": "#0"}
			}
		},
		{
			"from": [0, 0, 0],
			"to": [16, 2, 16],
			"faces": {
				"north": {"uv": [0, 14, 16, 16], "texture": "#base", "cullface": "north"},
				"east": {"uv": [0, 6, 16, 8], "texture": "#base", "cullface": "east"},
				"south": {"uv": [0, 6, 16, 8], "texture": "#base", "cullface": "south"},
				"west": {"uv": [0, 6, 16, 8], "texture": "#base", "cullface": "west"},
				"up": {"uv": [0, 0, 16, 16], "rotation": 180, "texture": "#base"},
				"down": {"uv": [0, 0, 16, 16], "texture": "#bottom", "cullface": "down"}
			}
		},
		{
			"from": [4, 2, 4],
			"to": [12, 15, 12],
			"faces": {
				"north": {"uv": [0, 0, 8, 13], "texture": "#front"},
				"east": {"uv": [2, 16, 15, 8], "rotation": 90, "texture": "#sides"},
				"south": {"uv": [8, 3, 16, 16], "texture": "#front"},
				"west": {"uv": [2, 8, 15, 16], "rotation": 90, "texture": "#sides"}
			}
		},
		{
			"from": [0.01, 12, 3],
			"to": [15.99, 16, 16],
			"rotation": {"angle": -22.5, "axis": "x", "origin": [8, 8, 8]},
			"faces": {
				"north": {"uv": [0, 0, 16, 4], "texture": "#sides"},
				"east": {"uv": [0, 4, 13, 8], "texture": "#sides"},
				"south": {"uv": [0, 4, 16, 8], "texture": "#sides"},
				"west": {"uv": [0, 4, 13, 8], "texture": "#sides"},
				"up": {"uv": [0, 1, 16, 14], "rotation": 180, "texture": "#top"},
				"down": {"uv": [0, 0, 16, 13], "texture": "#bottom"}
			}
		}
	],
	"display": {
		"firstperson_righthand": {
			"rotation": [0, 135, 0],
			"scale": [0.4, 0.4, 0.4]
		}
	},
	"groups": [
		{
			"name": "cover_right",
			"origin": [-1, 5, 0],
			"children": [0]
		},
		{
			"name": "cover_left",
			"origin": [1, 5, 0],
			"children": [1]
		},
		{
			"name": "pages_right",
			"origin": [-5, 5, -0.2],
			"children": [2]
		},
		{
			"name": "pages_left",
			"origin": [0, 5, -1],
			"children": [3]
		},
		{
			"name": "flipping_page_right",
			"origin": [-5, 5, -2.2],
			"children": [4]
		},
		{
			"name": "flipping_page_left",
			"origin": [0, 5, -2],
			"children": [5]
		},
		{
			"name": "book_spine",
			"origin": [0, 5, 0],
			"children": [6]
		},
		{
			"name": "lectern",
			"origin": [8, 8, 8],
			"children": [7, 8, 9]
		}
	]
}