{
  "minecraft": {
    "the_end": {
      "fog_density [default: 1.0]": 1.0,
      "generation_chance [default: 1.0]": 1.0,
      "has_caves [default: true]": true,
      "enabled [default: true]": true,
      "edge_size [default: 32]": 32
    },
    "end_midlands": {
      "fog_density [default: 1.0]": 1.0,
      "generation_chance [default: 0.5]": 0.5,
      "has_caves [default: true]": true,
      "enabled [default: true]": true,
      "edge_size [default: 32]": 32
    },
    "end_highlands": {
      "fog_density [default: 1.0]": 1.0,
      "generation_chance [default: 0.5]": 0.5,
      "has_caves [default: true]": true,
      "enabled [default: true]": true,
      "edge_size [default: 32]": 32
    },
    "end_barrens": {
      "fog_density [default: 1.0]": 1.0,
      "generation_chance [default: 1.0]": 1.0,
      "has_caves [default: true]": true,
      "enabled [default: true]": true,
      "edge_size [default: 32]": 32
    },
    "small_end_islands": {
      "fog_density [default: 1.0]": 1.0,
      "generation_chance [default: 1.0]": 1.0,
      "has_caves [default: true]": true,
      "enabled [default: true]": true,
      "edge_size [default: 32]": 32
    }
  },
  "betterend": {
    "foggy_mushroomland": {
      "fog_density [default: 3.0]": 3.0,
      "generation_chance [default: 1.0]": 1.0,
      "has_caves [default: true]": true,
      "enabled [default: true]": true,
      "edge_size [default: 32]": 32
    },
    "chorus_forest": {
      "fog_density [default: 1.5]": 1.5,
      "generation_chance [default: 1.0]": 1.0,
      "has_caves [default: true]": true,
      "enabled [default: true]": true,
      "edge_size [default: 32]": 32
    },
    "dust_wastelands": {
      "fog_density [default: 2.0]": 2.0,
      "generation_chance [default: 1.0]": 1.0,
      "has_caves [default: false]": false,
      "enabled [default: true]": true,
      "edge_size [default: 32]": 32,
      "has_caves [default: true]": true
    },
    "megalake": {
      "fog_density [default: 1.75]": 1.75,
      "generation_chance [default: 1.0]": 1.0,
      "has_caves [default: true]": true,
      "enabled [default: true]": true,
      "edge_size [default: 32]": 32
    },
    "megalake_grove": {
      "fog_density [default: 2.0]": 2.0,
      "generation_chance [default: 1.0]": 1.0,
      "has_caves [default: true]": true,
      "enabled [default: true]": true,
      "edge_size [default: 32]": 32
    },
    "crystal_mountains": {
      "fog_density [default: 1.0]": 1.0,
      "generation_chance [default: 1.0]": 1.0,
      "has_caves [default: true]": true,
      "enabled [default: true]": true,
      "edge_size [default: 32]": 32
    },
    "painted_mountains": {
      "fog_density [default: 2.0]": 2.0,
      "generation_chance [default: 1.0]": 1.0,
      "has_caves [default: false]": false,
      "enabled [default: true]": true,
      "edge_size [default: 32]": 32
    },
    "shadow_forest": {
      "fog_density [default: 2.5]": 2.5,
      "generation_chance [default: 1.0]": 1.0,
      "has_caves [default: true]": true,
      "enabled [default: true]": true,
      "edge_size [default: 32]": 32
    },
    "amber_land": {
      "fog_density [default: 2.0]": 2.0,
      "generation_chance [default: 1.0]": 1.0,
      "has_caves [default: true]": true,
      "enabled [default: true]": true,
      "edge_size [default: 32]": 32
    },
    "blossoming_spires": {
      "fog_density [default: 1.7]": 1.7,
      "generation_chance [default: 1.0]": 1.0,
      "has_caves [default: false]": false,
      "enabled [default: true]": true,
      "edge_size [default: 32]": 32
    },
    "sulphur_springs": {
      "fog_density [default: 1.5]": 1.5,
      "generation_chance [default: 1.0]": 1.0,
      "has_caves [default: false]": false,
      "enabled [default: true]": true,
      "edge_size [default: 32]": 32
    },
    "umbrella_jungle": {
      "fog_density [default: 2.3]": 2.3,
      "generation_chance [default: 1.0]": 1.0,
      "has_caves [default: true]": true,
      "enabled [default: true]": true,
      "edge_size [default: 32]": 32
    },
    "ice_starfield": {
      "fog_density [default: 2.2]": 2.2,
      "generation_chance [default: 0.25]": 0.25,
      "has_caves [default: true]": true,
      "enabled [default: true]": true,
      "edge_size [default: 32]": 32
    },
    "old_bulbis_gardens": {
      "fog_density [default: 1.8]": 1.8,
      "generation_chance [default: 1.0]": 1.0,
      "has_caves [default: true]": true,
      "enabled [default: true]": true,
      "edge_size [default: 32]": 32
    },
    "nightshade_redwoods": {
      "fog_density [default: 1.5]": 1.5,
      "generation_chance [default: 1.0]": 1.0,
      "has_caves [default: true]": true,
      "enabled [default: true]": true,
      "edge_size [default: 32]": 32
    },
    "glowing_grasslands": {
      "fog_density [default: 1.3]": 1.3,
      "generation_chance [default: 1.0]": 1.0,
      "has_caves [default: true]": true,
      "edge_size [default: 32]": 32,
      "enabled [default: true]": true
    },
    "dragon_graveyards": {
      "fog_density [default: 1.3]": 1.3,
      "generation_chance [default: 0.1]": 0.1,
      "has_caves [default: true]": true,
      "edge_size [default: 32]": 32,
      "enabled [default: true]": true
    },
    "dry_shrubland": {
      "fog_density [default: 1.2]": 1.2,
      "generation_chance [default: 1.0]": 1.0,
      "has_caves [default: true]": true,
      "edge_size [default: 32]": 32,
      "enabled [default: true]": true
    },
    "lantern_woods": {
      "fog_density [default: 1.1]": 1.1,
      "generation_chance [default: 1.0]": 1.0,
      "has_caves [default: true]": true,
      "edge_size [default: 32]": 32,
      "enabled [default: true]": true
    },
    "neon_oasis": {
      "fog_density [default: 2.0]": 2.0,
      "generation_chance [default: 0.5]": 0.5,
      "has_caves [default: true]": true,
      "edge_size [default: 32]": 32,
      "enabled [default: true]": true
    },
    "empty_end_cave": {
      "fog_density [default: 2.0]": 2.0,
      "generation_chance [default: 1.0]": 1.0,
      "has_caves [default: true]": true,
      "edge_size [default: 32]": 32,
      "enabled [default: true]": true
    },
    "empty_smaragdant_cave": {
      "fog_density [default: 2.0]": 2.0,
      "generation_chance [default: 1.0]": 1.0,
      "has_caves [default: true]": true,
      "edge_size [default: 32]": 32,
      "enabled [default: true]": true
    },
    "lush_smaragdant_cave": {
      "fog_density [default: 2.0]": 2.0,
      "generation_chance [default: 1.0]": 1.0,
      "has_caves [default: true]": true,
      "edge_size [default: 32]": 32,
      "enabled [default: true]": true
    },
    "empty_aurora_cave": {
      "fog_density [default: 2.0]": 2.0,
      "generation_chance [default: 1.0]": 1.0,
      "has_caves [default: true]": true,
      "edge_size [default: 32]": 32,
      "enabled [default: true]": true
    },
    "lush_aurora_cave": {
      "fog_density [default: 2.0]": 2.0,
      "generation_chance [default: 1.0]": 1.0,
      "has_caves [default: true]": true,
      "edge_size [default: 32]": 32,
      "enabled [default: true]": true
    },
    "jade_cave": {
      "fog_density [default: 2.0]": 2.0,
      "generation_chance [default: 1.0]": 1.0,
      "has_caves [default: true]": true,
      "edge_size [default: 32]": 32,
      "enabled [default: true]": true
    }
  },
  "byg": {
    "bulbis_gardens": {
      "fog_density [default: 1.0]": 1.0,
      "generation_chance [default: 1.0]": 1.0,
      "has_caves [default: true]": true,
      "enabled [default: true]": true,
      "edge_size [default: 32]": 32
    },
    "ivis_fields": {
      "enabled [default: true]": true,
      "fog_density [default: 1.0]": 1.0,
      "generation_chance [default: 1.0]": 1.0,
      "has_caves [default: true]": true,
      "edge_size [default: 32]": 32
    },
    "nightshade_forest": {
      "enabled [default: true]": true,
      "fog_density [default: 1.0]": 1.0,
      "generation_chance [default: 1.0]": 1.0,
      "has_caves [default: true]": true,
      "edge_size [default: 32]": 32
    },
    "ethereal_islands": {
      "enabled [default: true]": true,
      "fog_density [default: 1.0]": 1.0,
      "generation_chance [default: 1.0]": 1.0,
      "has_caves [default: true]": true,
      "edge_size [default: 32]": 32
    },
    "viscal_isles": {
      "enabled [default: true]": true,
      "fog_density [default: 1.0]": 1.0,
      "generation_chance [default: 1.0]": 1.0,
      "has_caves [default: true]": true,
      "edge_size [default: 32]": 32
    },
    "shattered_desert": {
      "enabled [default: true]": true,
      "fog_density [default: 1.0]": 1.0,
      "generation_chance [default: 1.0]": 1.0,
      "has_caves [default: true]": true,
      "edge_size [default: 32]": 32
    },
    "shulkren_forest": {
      "enabled [default: true]": true,
      "fog_density [default: 1.0]": 1.0,
      "generation_chance [default: 1.0]": 1.0,
      "has_caves [default: true]": true,
      "edge_size [default: 32]": 32
    },
    "purpur_peaks": {
      "enabled [default: true]": true,
      "fog_density [default: 1.0]": 1.0,
      "generation_chance [default: 1.0]": 1.0,
      "has_caves [default: true]": true,
      "edge_size [default: 32]": 32
    },
    "cryptic_wastes": {
      "enabled [default: true]": true,
      "fog_density [default: 1.0]": 1.0,
      "generation_chance [default: 1.0]": 1.0,
      "has_caves [default: true]": true,
      "edge_size [default: 32]": 32
    },
    "ethereal_forest": {
      "enabled [default: true]": true,
      "fog_density [default: 1.0]": 1.0,
      "generation_chance [default: 1.0]": 1.0,
      "has_caves [default: true]": true,
      "edge_size [default: 32]": 32
    },
    "ethereal_clearing": {
      "enabled [default: true]": true,
      "fog_density [default: 1.0]": 1.0,
      "generation_chance [default: 1.0]": 1.0,
      "has_caves [default: true]": true,
      "edge_size [default: 32]": 32
    },
    "bulbis_gardens_edge": {
      "enabled [default: true]": true,
      "fog_density [default: 1.0]": 1.0,
      "generation_chance [default: 1.0]": 1.0,
      "has_caves [default: true]": true,
      "edge_size [default: 32]": 32
    },
    "shattered_viscal_isles": {
      "enabled [default: true]": true,
      "fog_density [default: 1.0]": 1.0,
      "generation_chance [default: 1.0]": 1.0,
      "has_caves [default: true]": true,
      "edge_size [default: 32]": 32
    },
    "imparius_grove": {
      "enabled [default: true]": true
    },
    "shattered_desert_isles": {
      "enabled [default: true]": true
    },
    "imparius_clearing": {
      "enabled [default: true]": true
    }
  },
  "promenade": {
    "dark_amaranth_forest": {
      "enabled [default: true]": true,
      "fog_density [default: 1.0]": 1.0,
      "generation_chance [default: 1.0]": 1.0,
      "has_caves [default: true]": true,
      "edge_size [default: 32]": 32
    },
    "tall_dark_amaranth_forest": {
      "enabled [default: true]": true,
      "fog_density [default: 1.0]": 1.0,
      "generation_chance [default: 1.0]": 1.0,
      "has_caves [default: true]": true,
      "edge_size [default: 32]": 32
    }
  }
}