{
  "betterend": {
    "items": {
      "ender_dust [default: true]": true,
      "ender_shard [default: true]": true,
      "terminite_ingot [default: true]": true,
      "aeternium_ingot [default: true]": true,
      "end_lily_leaf [default: true]": true,
      "end_lily_leaf_dried [default: true]": true,
      "crystal_shards [default: true]": true,
      "raw_amber [default: true]": true,
      "amber_gem [default: true]": true,
      "glowing_bulb [default: true]": true,
      "crystalline_sulphur [default: true]": true,
      "hydralux_petal [default: true]": true,
      "gelatine [default: true]": true,
      "shadow_berry_raw [default: true]": true,
      "shadow_berry_cooked [default: true]": true,
      "end_fish_raw [default: true]": true,
      "end_fish_cooked [default: true]": true,
      "spawn_egg_dragonfly [default: true]": true,
      "spawn_egg_end_slime [default: true]": true,
      "spawn_egg_end_fish [default: true]": true,
      "spawn_egg_shadow_walker [default: true]": true,
      "spawn_egg_cubozoa [default: true]": true,
      "bucket_end_fish [default: true]": true,
      "sweet_berry_jelly [default: true]": true,
      "shadow_berry_jelly [default: true]": true,
      "eternal_crystal [default: true]": true,
      "guidebook [default: true]": true
    },
    "armor": {
      "terminite_helmet [default: true]": true,
      "terminite_chestplate [default: true]": true,
      "terminite_leggings [default: true]": true,
      "terminite_boots [default: true]": true,
      "aeternium_helmet [default: true]": true,
      "aeternium_chestplate [default: true]": true,
      "aeternium_leggings [default: true]": true,
      "aeternium_boots [default: true]": true,
      "crystalite_helmet [default: true]": true,
      "crystalite_chestplate [default: true]": true,
      "crystalite_leggings [default: true]": true,
      "crystalite_boots [default: true]": true
    },
    "tools": {
      "terminite_shovel [default: true]": true,
      "terminite_sword [default: true]": true,
      "terminite_pickaxe [default: true]": true,
      "terminite_axe [default: true]": true,
      "terminite_hoe [default: true]": true,
      "terminite_hammer [default: true]": true,
      "aeternium_shovel [default: true]": true,
      "aeternium_sword [default: true]": true,
      "aeternium_pickaxe [default: true]": true,
      "aeternium_axe [default: true]": true,
      "aeternium_hoe [default: true]": true,
      "aeternium_hammer [default: true]": true,
      "iron_hammer [default: true]": true,
      "golden_hammer [default: true]": true,
      "diamond_hammer [default: true]": true,
      "netherite_hammer [default: true]": true
    }
  },
  "items": {
    "ender_dust [default: true]": true,
    "ender_shard [default: true]": true,
    "terminite_ingot [default: true]": true,
    "aeternium_ingot [default: true]": true,
    "end_lily_leaf [default: true]": true,
    "end_lily_leaf_dried [default: true]": true,
    "crystal_shards [default: true]": true,
    "raw_amber [default: true]": true,
    "amber_gem [default: true]": true,
    "glowing_bulb [default: true]": true,
    "crystalline_sulphur [default: true]": true,
    "hydralux_petal [default: true]": true,
    "gelatine [default: true]": true,
    "shadow_berry_raw [default: true]": true,
    "shadow_berry_cooked [default: true]": true,
    "end_fish_raw [default: true]": true,
    "end_fish_cooked [default: true]": true,
    "spawn_egg_dragonfly [default: true]": true,
    "spawn_egg_end_slime [default: true]": true,
    "spawn_egg_end_fish [default: true]": true,
    "spawn_egg_shadow_walker [default: true]": true,
    "spawn_egg_cubozoa [default: true]": true,
    "bucket_end_fish [default: true]": true,
    "sweet_berry_jelly [default: true]": true,
    "shadow_berry_jelly [default: true]": true,
    "umbrella_cluster_juice [default: true]": true,
    "eternal_crystal [default: true]": true,
    "guidebook [default: true]": true,
    "enchanted_petal [default: true]": true,
    "leather_stripe [default: true]": true,
    "leather_wrapped_stick [default: true]": true,
    "blossom_berry [default: true]": true,
    "aeternium_shovel_head [default: true]": true,
    "aeternium_pickaxe_head [default: true]": true,
    "aeternium_axe_head [default: true]": true,
    "aeternium_hoe_head [default: true]": true,
    "aeternium_hammer_head [default: true]": true,
    "aeternium_sword_blade [default: true]": true,
    "aeternium_sword_handle [default: true]": true,
    "silk_fiber [default: true]": true,
    "lumecorn_rod [default: true]": true,
    "spawn_egg_silk_moth [default: true]": true,
    "thallasium_nugget [default: true]": true,
    "thallasium_ingot [default: true]": true,
    "thallasium_shovel_head [default: true]": true,
    "thallasium_pickaxe_head [default: true]": true,
    "thallasium_axe_head [default: true]": true,
    "thallasium_hoe_head [default: true]": true,
    "thallasium_sword_blade [default: true]": true,
    "thallasium_sword_handle [default: true]": true,
    "terminite_nugget [default: true]": true,
    "terminite_shovel_head [default: true]": true,
    "terminite_pickaxe_head [default: true]": true,
    "terminite_axe_head [default: true]": true,
    "terminite_hoe_head [default: true]": true,
    "terminite_sword_blade [default: true]": true,
    "terminite_sword_handle [default: true]": true,
    "silk_moth_matrix [default: true]": true,
    "music_disc_strange_and_alien [default: true]": true,
    "bucket_cubozoa [default: true]": true,
    "amber_root_raw [default: true]": true,
    "chorus_mushroom_raw [default: true]": true,
    "chorus_mushroom_cooked [default: true]": true,
    "bolux_mushroom_cooked [default: true]": true,
    "cave_pumpkin_pie [default: true]": true,
    "elytra_armored [default: true]": true,
    "aeternium_forged_plate [default: true]": true,
    "music_disc_grasping_at_stars [default: true]": true,
    "music_disc_endseeker [default: true]": true,
    "music_disc_eo_dracona [default: true]": true,
    "blossom_berry_jelly [default: true]": true,
    "thallasium_forged_plate [default: true]": true,
    "terminite_forged_plate [default: true]": true
  },
  "armor": {
    "terminite_helmet [default: true]": true,
    "terminite_chestplate [default: true]": true,
    "terminite_leggings [default: true]": true,
    "terminite_boots [default: true]": true,
    "aeternium_helmet [default: true]": true,
    "aeternium_chestplate [default: true]": true,
    "aeternium_leggings [default: true]": true,
    "aeternium_boots [default: true]": true,
    "crystalite_helmet [default: true]": true,
    "crystalite_chestplate [default: true]": true,
    "crystalite_leggings [default: true]": true,
    "crystalite_boots [default: true]": true,
    "thallasium_helmet [default: true]": true,
    "thallasium_chestplate [default: true]": true,
    "thallasium_leggings [default: true]": true,
    "thallasium_boots [default: true]": true
  },
  "tools": {
    "terminite_shovel [default: true]": true,
    "terminite_sword [default: true]": true,
    "terminite_pickaxe [default: true]": true,
    "terminite_axe [default: true]": true,
    "terminite_hoe [default: true]": true,
    "terminite_hammer [default: true]": true,
    "aeternium_shovel [default: true]": true,
    "aeternium_sword [default: true]": true,
    "aeternium_pickaxe [default: true]": true,
    "aeternium_axe [default: true]": true,
    "aeternium_hoe [default: true]": true,
    "aeternium_hammer [default: true]": true,
    "iron_hammer [default: true]": true,
    "golden_hammer [default: true]": true,
    "diamond_hammer [default: true]": true,
    "netherite_hammer [default: true]": true,
    "thallasium_shovel [default: true]": true,
    "thallasium_sword [default: true]": true,
    "thallasium_pickaxe [default: true]": true,
    "thallasium_axe [default: true]": true,
    "thallasium_hoe [default: true]": true,
    "thallasium_hammer [default: true]": true
  }
}