{
	"credit": "Made with Blockbench",
	"texture_size": [64, 64],
	"elements": [
		{
			"from": [1, 0, 1],
			"to": [15, 10, 15],
			"rotation": {"angle": 0, "axis": "y", "origin": [9, 8, 9]},
			"faces": {
				"north": {"uv": [10.5, 8.25, 14, 10.75], "rotation": 180, "texture": "#0"},
				"east": {"uv": [7, 8.25, 10.5, 10.75], "rotation": 180, "texture": "#0"},
				"south": {"uv": [7, 8.25, 10.5, 10.75], "rotation": 180, "texture": "#0"},
				"west": {"uv": [7, 8.25, 10.5, 10.75], "rotation": 180, "texture": "#0"},
				"up": {"uv": [7, 4.75, 10.5, 8.25], "texture": "#0"},
				"down": {"uv": [3.5, 4.75, 7, 8.25], "rotation": 180, "texture": "#0"}
			}
		},
		{
			"from": [1, 10.5, 4.6],
			"to": [15, 15.5, 18.6],
			"rotation": {"angle": 22.5, "axis": "x", "origin": [9, 19, 13]},
			"faces": {
				"north": {"uv": [10.5, 3.5, 14, 4.75], "rotation": 180, "texture": "#0"},
				"east": {"uv": [7, 3.5, 10.5, 4.75], "texture": "#0"},
				"south": {"uv": [7, 3.5, 10.5, 4.75], "rotation": 180, "texture": "#0"},
				"west": {"uv": [7, 3.5, 10.5, 4.75], "rotation": 180, "texture": "#0"},
				"up": {"uv": [7, 0, 10.5, 3.5], "rotation": 180, "texture": "#0"},
				"down": {"uv": [3.5, 0, 7, 3.5], "rotation": 180, "texture": "#0"}
			}
		},
		{
			"from": [7, 10, 2.9],
			"to": [9, 14, 3.9],
			"rotation": {"angle": 22.5, "axis": "x", "origin": [21, 18, 9]},
			"faces": {
				"north": {"uv": [1, 0.25, 1.5, 1.25], "rotation": 180, "texture": "#0"},
				"east": {"uv": [0, 0.25, 0.25, 1.25], "rotation": 180, "texture": "#0"},
				"south": {"uv": [1, 0.25, 1.5, 1.25], "rotation": 180, "texture": "#0"},
				"west": {"uv": [0.75, 0.25, 1, 1.25], "rotation": 180, "texture": "#0"},
				"up": {"uv": [0.5, 0, 1, 0.25], "texture": "#0"},
				"down": {"uv": [0.75, 0, 1.25, 0.25], "rotation": 180, "texture": "#0"}
			}
		}
	],
	"display": {
		"thirdperson_righthand": {
			"rotation": [75, 135, 0],
			"translation": [0, 2.5, 0],
			"scale": [0.375, 0.375, 0.375]
		},
		"thirdperson_lefthand": {
			"rotation": [75, 135, 0],
			"translation": [0, 2.5, 0],
			"scale": [0.375, 0.375, 0.375]
		},
		"firstperson_righthand": {
			"rotation": [0, 135, 0],
			"scale": [0.4, 0.4, 0.4]
		},
		"firstperson_lefthand": {
			"rotation": [0, 135, 0],
			"scale": [0.4, 0.4, 0.4]
		},
		"ground": {
			"translation": [0, 3, 0],
			"scale": [0.25, 0.25, 0.25]
		},
		"gui": {
			"rotation": [30, 225, 0],
			"scale": [0.625, 0.625, 0.625]
		},
		"fixed": {
			"scale": [0.5, 0.5, 0.5]
		}
	}
}