{
  "quarry": {
    "QuarryExtenderWorkRadius": {
      "comment": "Quarry Extender Work Radius, added radius to SqrWorkRadius for each level, in blocks",
      "value": [
        7.0,
        12.0,
        18.0,
        24.0
      ]
    },
    "QuarryMaxInput": {
      "comment": "Quarry Max Input (Value in EU)",
      "value": 128
    },
    "QuarryMaxInputOverclockerMultipier": {
      "comment": "Quarry Max Input Multiplier by overclocker upgrades",
      "value": 6.0
    },
    "QuarryMaxEnergy": {
      "comment": "Quarry Max Energy (Value in EU)",
      "value": 100000
    },
    "QuarryAccessibleExcavationModes": {
      "comment": "Quarry Accessible Excavation Modes, 1 - ores only, 2 - all only, 3 - all and ores",
      "value": 3
    },
    "QuarrySqrWorkRadius": {
      "comment": "Do not affect anything anymore",
      "value": 8
    },
    "QuarryTiksPerExcavation": {
      "comment": "Quarry Tiks Per Excavation, 20 ticks - 1 second",
      "value": 60
    },
    "QuarryMinTiksPerExcavation": {
      "comment": "Quarry Min Tiks Per Excavation (with all 4 upgrdes), 20 ticks - 1 second",
      "value": 8
    },
    "QuarryEnergyPerExcavation": {
      "comment": "Quarry Energy Per Excavation (Value in EU)",
      "value": 6000
    },
    "QuarryAdditioanlBlocksToMine": {
      "comment": "Additioanl Blocks to Mine list",
      "value": [
        "minecraft:ancient_debris",
        "techreborn:bauxite_ore",
        "techreborn:cinnabar_ore",
        "techreborn:copper_ore",
        "techreborn:galena_ore",
        "techreborn:iridium_ore",
        "techreborn:lead_ore",
        "techreborn:peridot_ore",
        "techreborn:pyrite_ore",
        "techreborn:ruby_ore",
        "techreborn:sapphire_ore",
        "techreborn:sheldonite_ore",
        "techreborn:silver_ore",
        "techreborn:sodalite_ore",
        "techreborn:sphalerite_ore",
        "techreborn:tin_ore",
        "techreborn:tungsten_ore",
        "agape_space:raw_aluminum",
        "techreborn:bauxite_ore",
        "appliedenergistics2:quartz_ore",
        "appliedenergistics2:charged_quartz_ore"
      ]
    }
  }
}