{
  "biomes": {
    "promenade:protanopian_gallery": {
      "weight": 5,
      "dictionary": [
        "NETHER"
      ],
      "hills": []
    },
    "byg:sythian_torrids": {
      "weight": 5,
      "dictionary": [
        "NETHER"
      ],
      "hills": []
    },
    "byg:magma_wastes": {
      "weight": 5,
      "dictionary": [
        "NETHER"
      ],
      "hills": []
    },
    "minecraft:basalt_deltas": {
      "weight": 5,
      "dictionary": [
        "NETHER"
      ],
      "hills": []
    },
    "cinderscapes:blackstone_shales": {
      "weight": 5,
      "dictionary": [
        "NETHER"
      ],
      "hills": []
    },
    "cinderscapes:ashy_shoals": {
      "weight": 5,
      "dictionary": [
        "NETHER"
      ],
      "hills": []
    },
    "byg:warped_desert": {
      "weight": 5,
      "dictionary": [
        "NETHER"
      ],
      "hills": []
    },
    "byg:subzero_hypogeal": {
      "weight": 1,
      "dictionary": [
        "NETHER"
      ],
      "hills": []
    },
    "minecraft:crimson_forest": {
      "weight": 5,
      "dictionary": [
        "NETHER"
      ],
      "hills": []
    },
    "byg:crimson_gardens": {
      "weight": 5,
      "dictionary": [
        "NETHER"
      ],
      "hills": []
    },
    "promenade:achromatopsian_gallery": {
      "weight": 5,
      "dictionary": [
        "NETHER"
      ],
      "hills": []
    },
    "promenade:tritanopian_gallery": {
      "weight": 5,
      "dictionary": [
        "NETHER"
      ],
      "hills": []
    },
    "promenade:tall_warped_forest": {
      "weight": 5,
      "dictionary": [
        "NETHER"
      ],
      "hills": []
    },
    "byg:embur_bog": {
      "weight": 5,
      "dictionary": [
        "NETHER"
      ],
      "hills": []
    },
    "byg:withering_woods": {
      "weight": 5,
      "dictionary": [
        "NETHER"
      ],
      "hills": []
    },
    "byg:wailing_garth": {
      "weight": 5,
      "dictionary": [
        "NETHER"
      ],
      "hills": []
    },
    "byg:glowstone_gardens": {
      "weight": 5,
      "dictionary": [
        "NETHER"
      ],
      "hills": []
    },
    "minecraft:nether_wastes": {
      "weight": 5,
      "dictionary": [
        "NETHER"
      ],
      "hills": []
    },
    "minecraft:soul_sand_valley": {
      "weight": 5,
      "dictionary": [
        "NETHER"
      ],
      "hills": []
    },
    "minecraft:warped_forest": {
      "weight": 5,
      "dictionary": [
        "NETHER"
      ],
      "hills": []
    },
    "byg:weeping_mire": {
      "weight": 5,
      "dictionary": [
        "NETHER"
      ],
      "hills": []
    },
    "byg:quartz_desert": {
      "weight": 5,
      "dictionary": [
        "NETHER"
      ],
      "hills": []
    },
    "byg:brimstone_caverns": {
      "weight": 5,
      "dictionary": [
        "NETHER"
      ],
      "hills": []
    },
    "promenade:tall_crimson_forest": {
      "weight": 5,
      "dictionary": [
        "NETHER"
      ],
      "hills": []
    },
    "cinderscapes:luminous_grove": {
      "weight": 5,
      "dictionary": [
        "NETHER"
      ],
      "hills": []
    },
    "cinderscapes:quartz_canyon": {
      "weight": 5,
      "dictionary": [
        "NETHER"
      ],
      "hills": []
    }
  }
}