{
  "netherToolAttackDamage": 2.0,
  "netherToolMiningSpeed": 8.0,
  "netherToolDurability": 381,
  "netherToolEnchantability": 15,
  "netherArmorDurabilityMultiplier": 20,
  "vibraniumBaseAttackDamage": 6.0,
  "vibraniumToolMiningSpeed": 17.0,
  "vibraniumToolDurability": 990,
  "vibraniumToolEnchantability": 12,
  "vibraniumArmorDurabilityMultiplier": 165,
  "adamantiumBaseAttackDamage": 8.0,
  "adamantiumToolMiningSpeed": 25.0,
  "adamantiumToolDurability": 1280,
  "adamantiumToolEnchantability": 10,
  "adamantiumArmorDurabilityMultiplier": 220
}