{
  "snowballConversion": false,
  "mooseEatBark": true,
  "genDriftwood": true,
  "sealFishing": {
    "sealsHuntFish": true,
    "sealsEatHuntedFish": true,
    "sealsBreedFromHuntedFish": false
  },
  "spawnOptions": {
    "sealOceanSettings": {
      "weight": 5,
      "minGroupSize": 1,
      "maxGroupSize": 4
    },
    "sealRiverSettings": {
      "weight": 5,
      "minGroupSize": 1,
      "maxGroupSize": 2
    },
    "mooseSettings": {
      "weight": 2,
      "minGroupSize": 1,
      "maxGroupSize": 3
    },
    "ptarmiganSettings": {
      "weight": 5,
      "minGroupSize": 2,
      "maxGroupSize": 4
    }
  }
}