{
  "furnaceData": [
    {
      "name": "fabric",
      "speedModifier": 1.5,
      "fuelModifier": 1.5,
      "duplicationChance": 0.0
    },
    {
      "name": "iron",
      "speedModifier": 2.0,
      "fuelModifier": 2.0,
      "duplicationChance": 0.0
    },
    {
      "name": "gold",
      "speedModifier": 3.0,
      "fuelModifier": 2.0,
      "duplicationChance": 0.0
    },
    {
      "name": "diamond",
      "speedModifier": 3.5,
      "fuelModifier": 3.0,
      "duplicationChance": 0.0
    },
    {
      "name": "obsidian",
      "speedModifier": 4.0,
      "fuelModifier": 2.0,
      "duplicationChance": 0.0
    },
    {
      "name": "nether",
      "speedModifier": 4.5,
      "fuelModifier": 3.5,
      "duplicationChance": 0.0
    },
    {
      "name": "emerald",
      "speedModifier": 8.0,
      "fuelModifier": 8.0,
      "duplicationChance": 0.0
    },
    {
      "name": "end",
      "speedModifier": 12.0,
      "fuelModifier": 10.0,
      "duplicationChance": 0.0
    },
    {
      "name": "ethereal",
      "speedModifier": 32.0,
      "fuelModifier": 24.0,
      "duplicationChance": 10.0
    }
  ]
}