{
  "backpacks": [
    {
      "name": "baby",
      "rowWidth": 3,
      "numberOfRows": 1,
      "isFireImmune": false,
      "openSound": "minecraft:item.armor.equip_leather"
    },
    {
      "name": "frayed",
      "rowWidth": 9,
      "numberOfRows": 1,
      "isFireImmune": false,
      "openSound": "minecraft:item.armor.equip_leather"
    },
    {
      "name": "plated",
      "rowWidth": 9,
      "numberOfRows": 2,
      "isFireImmune": false,
      "openSound": "minecraft:item.armor.equip_iron"
    },
    {
      "name": "gilded",
      "rowWidth": 9,
      "numberOfRows": 3,
      "isFireImmune": false,
      "openSound": "minecraft:item.armor.equip_gold"
    },
    {
      "name": "bejeweled",
      "rowWidth": 9,
      "numberOfRows": 5,
      "isFireImmune": false,
      "openSound": "minecraft:item.armor.equip_diamond"
    },
    {
      "name": "blazing",
      "rowWidth": 9,
      "numberOfRows": 6,
      "isFireImmune": true,
      "openSound": "minecraft:item.armor.equip_leather"
    },
    {
      "name": "withered",
      "rowWidth": 11,
      "numberOfRows": 6,
      "isFireImmune": false,
      "openSound": "minecraft:item.armor.equip_leather"
    },
    {
      "name": "endless",
      "rowWidth": 15,
      "numberOfRows": 6,
      "isFireImmune": false,
      "openSound": "minecraft:item.armor.equip_leather"
    }
  ],
  "unstackablesOnly": false,
  //Whether Shulker Boxes should be blacklisted from being placed inside Inmis Backpacks.
  "disableShulkers": true,
  //Whether Backpacks should play a sound when opened.
  "playSound": true
}
