{
  "sorting": "ascending",
  "count_libraries": false,
  "compact_list": false,
  "count_children": false,
  "mods_button_style": "classic",
  "count_hidden_mods": false,
  "mod_count_location": "title_screen",
  "hide_mod_links": false,
  "show_libraries": false,
  "hide_mod_license": false,
  "hide_badges": false,
  "hide_mod_credits": false,
  "easter_eggs": true,
  "modify_title_screen": true,
  "modify_game_menu": true,
  "hide_config_buttons": false,
  "hidden_mods": [],
  "log_deprecation_warnings": false
}