{
  "Instructions": "This file is a simple list of key-value pairs. The key being the tag and the value being the item that recipes using that tag should output. This file will automatically populate with any tags used by this system during recipe loading. If there is no entry for a tag, or the output item is \"null\", an entry will attempt to be added for one of the items in that tag. There should be no need to add an entry manually. Once you load into a world, all applicable entries should be generated. You can then change the item ids to the ones you want to use.",
  "c:electrum_ingots": "techreborn:electrum_ingot",
  "c:tin_ingots": "techreborn:tin_ingot",
  "c:sulfur_dusts": "techreborn:sulfur_dust",
  "c:copper_ingots": "techreborn:copper_ingot",
  "c:platinum_ingots": "techreborn:platinum_ingot",
  "c:nickel_ingots": "techreborn:nickel_ingot",
  "c:lead_ingots": "techreborn:lead_ingot",
  "c:steel_ingots": "techreborn:steel_ingot",
  "c:tungsten_ingots": "techreborn:tungsten_ingot",
  "c:aluminum_ingots": "techreborn:aluminum_ingot",
  "c:bronze_ingots": "techreborn:bronze_ingot",
  "c:invar_ingots": "techreborn:invar_ingot",
  "c:zinc_ingots": "techreborn:zinc_ingot",
  "c:chrome_ingots": "techreborn:chrome_ingot",
  "c:iridium_ingots": "techreborn:iridium_ingot",
  "c:brass_ingots": "techreborn:brass_ingot",
  "c:titanium_ingots": "techreborn:titanium_ingot",
  "c:silver_ingots": "techreborn:silver_ingot"
}