{
  "localserver": {
    "options": [
      "mod.stepup.config.dostepup",
      "mod.stepup.config.nostepup",
      "mod.stepup.config.vanillajump"
    ],
    "key": "localserver",
    "toolTip": "mod.stepup.config.tt.onthisserver",
    "value": 0,
    "defaultValue": 0,
    "minValue": 0,
    "maxValue": 2
  },
  "mod.stepup.config.default": {
    "options": [
      "mod.stepup.config.dostepup",
      "mod.stepup.config.nostepup",
      "mod.stepup.config.vanillajump"
    ],
    "key": "mod.stepup.config.default",
    "toolTip": "",
    "value": 0,
    "defaultValue": 0,
    "minValue": 0,
    "maxValue": 2
  },
  "Server": {
    "options": [
      "mod.stepup.config.dostepup",
      "mod.stepup.config.nostepup",
      "mod.stepup.config.vanillajump"
    ],
    "key": "Server",
    "toolTip": "mod.stepup.config.tt.onthisserver",
    "value": 0,
    "defaultValue": 0,
    "minValue": 0,
    "maxValue": 2
  }
}